iter,total_num_steps,fps,entropy,value_loss,action_loss,mean_rew,median_rew,min_rew,max_rew
1,40000,3898,10.129324949704683,0.6197043324128175,-0.018992600121670807,10.351787232,8.821227,3.097467,26.006126
2,80000,3841,10.06307554489527,1.1205807960950411,-0.029045172811348517,12.814752248,11.531581,3.045999,43.938734
