iter,total_num_steps,fps,entropy,value_loss,action_loss,mean_rew,median_rew,min_rew,max_rew
1,40000,980,10.045796577747051,15.155097315861628,-0.031681347766500084,20.900906392,17.819582,-8.25108,72.237502
