iter,total_num_steps,fps,entropy,value_loss,action_loss,mean_rew,median_rew,min_rew,max_rew
1,40000,787,10.048739198537973,16.635236128782616,-0.02668286682919876,27.614974168000007,25.154836,-8.998553,89.891356
2,80000,820,9.921702763973139,19.924243467282025,-0.03015790393849154,35.233184144000006,32.405772,0.537355,94.697279
3,120000,889,9.79221078921587,23.73397541779738,-0.032238715331223855,43.113100992,37.217113,7.332949,168.688145
4,160000,918,9.67252556238419,25.204467108310798,-0.025591933360654087,60.987244792000006,58.743769,4.591323,136.483638
5,200000,903,9.553074019994492,24.388630507542537,-0.025043932129147625,81.59390688799999,79.000826,15.081547,179.176673
6,240000,894,9.422664368458284,22.325855267353546,-0.022172497415978144,98.07142317599998,98.26907,15.535417,178.533556
7,280000,920,9.289858781374418,21.252351455199413,-0.022515528790170672,116.63312535200002,116.234721,26.346646,228.456067
8,320000,926,9.154972303830661,18.164282412406727,-0.02390766168859838,121.04255936799998,120.712473,43.415393,327.889614
