iter,total_num_steps,fps,entropy,value_loss,action_loss,mean_rew,median_rew,min_rew,max_rew
1,40000,922,10.146738353142371,0.6041630922983854,-0.023411789307361812,10.445542968000002,8.110719,3.375991,35.166787
2,80000,886,10.093444682390261,1.0894781846266526,-0.032759191446698074,12.177081184,10.949942,4.657295,33.756917
